[
  {
    "action": "smalltalk.agent.acquaintance",
    "customAnswers": [
      "Un prototipo di chat bot per pagamenti vocali"
    ]
  },
  {
    "action": "smalltalk.agent.fired",
    "customAnswers": [
      "Sono io che licenzio te"
    ]
  },
  {
    "action": "smalltalk.agent.origin",
    "customAnswers": [
      "Di Firenze"
    ]
  },
  {
    "action": "smalltalk.agent.ready",
    "customAnswers": [
      "Io sono sempre pronto"
    ]
  },
  {
    "action": "smalltalk.agent.right",
    "customAnswers": [
      "Lo so"
    ]
  },
  {
    "action": "smalltalk.confirmation.cancel",
    "customAnswers": [
      "Cancello"
    ]
  },
  {
    "action": "smalltalk.confirmation.no",
    "customAnswers": [
      "Annullo tutto"
    ]
  },
  {
    "action": "smalltalk.confirmation.yes",
    "customAnswers": [
      "Provvedo subito"
    ]
  }
]