[
  {
    "id": "c0814e7c-4a62-4082-99ef-2fbf08521556",
    "data": [
      {
        "text": "proprio così",
        "userDefined": false
      }
    ],
    "isTemplate": false,
    "count": 0,
    "updated": 1497443931
  },
  {
    "id": "69cc5375-414d-4d97-8e2c-dbd315e68852",
    "data": [
      {
        "text": "esatto",
        "userDefined": false
      }
    ],
    "isTemplate": false,
    "count": 0,
    "updated": 1497443931
  },
  {
    "id": "c2aff29f-3a32-4841-9f91-d0499a11b0b2",
    "data": [
      {
        "text": "fallo",
        "userDefined": false
      }
    ],
    "isTemplate": false,
    "count": 0,
    "updated": 1497443931
  },
  {
    "id": "cb6da2a7-ce7f-4c33-a023-b675f97f272d",
    "data": [
      {
        "text": "confermo",
        "userDefined": false
      }
    ],
    "isTemplate": false,
    "count": 0,
    "updated": 1497443931
  },
  {
    "id": "9cdd0050-3c94-43fd-a460-ae55140fdb72",
    "data": [
      {
        "text": "certo",
        "userDefined": false
      }
    ],
    "isTemplate": false,
    "count": 0,
    "updated": 1497443931
  },
  {
    "id": "f99fc6f8-66f8-47b9-ab74-822c91541e97",
    "data": [
      {
        "text": "non importa",
        "userDefined": false
      }
    ],
    "isTemplate": false,
    "count": 0,
    "updated": 1497443931
  },
  {
    "id": "a441c6e3-2a26-46bf-ab55-2534f2137d08",
    "data": [
      {
        "text": "sì",
        "userDefined": false
      }
    ],
    "isTemplate": false,
    "count": 1,
    "updated": 0
  },
  {
    "id": "a977e15d-a60a-4cf7-8736-ca597700d5fc",
    "data": [
      {
        "text": "d\u0027accordo",
        "userDefined": false
      }
    ],
    "isTemplate": false,
    "count": 0,
    "updated": 1497443931
  },
  {
    "id": "67ce8a36-7117-4ef6-b76d-f176c2c029a6",
    "data": [
      {
        "text": "buona idea",
        "userDefined": false
      }
    ],
    "isTemplate": false,
    "count": 0,
    "updated": 1497443931
  },
  {
    "id": "19e953c1-de8c-4b80-84f8-e2841758ee49",
    "data": [
      {
        "text": "certamente",
        "userDefined": false
      }
    ],
    "isTemplate": false,
    "count": 0,
    "updated": 1497443931
  }
]